,date,business_increased,business_decreased,business_change,business_number
419,1980-01,277.0,0.0,277.0,11612.0
420,1980-02,78.0,0.0,78.0,11690.0
421,1980-03,81.0,0.0,81.0,11771.0
422,1980-04,61.0,0.0,61.0,11832.0
423,1980-05,59.0,0.0,59.0,11891.0
424,1980-06,73.0,0.0,73.0,11964.0
425,1980-07,66.0,0.0,66.0,12030.0
426,1980-08,55.0,0.0,55.0,12085.0
427,1980-09,67.0,0.0,67.0,12152.0
428,1980-10,94.0,0.0,94.0,12246.0
429,1980-11,76.0,0.0,76.0,12322.0
430,1980-12,51.0,0.0,51.0,12373.0
431,1981-01,190.0,0.0,190.0,12563.0
432,1981-02,74.0,0.0,74.0,12637.0
433,1981-03,78.0,0.0,78.0,12715.0
434,1981-04,100.0,0.0,100.0,12815.0
435,1981-05,68.0,0.0,68.0,12883.0
436,1981-06,97.0,0.0,97.0,12980.0
437,1981-07,96.0,0.0,96.0,13076.0
438,1981-08,53.0,0.0,53.0,13129.0
439,1981-09,66.0,0.0,66.0,13195.0
440,1981-10,83.0,0.0,83.0,13278.0
441,1981-11,62.0,0.0,62.0,13340.0
442,1981-12,36.0,0.0,36.0,13376.0
443,1982-01,236.0,0.0,236.0,13612.0
444,1982-02,72.0,0.0,72.0,13684.0
445,1982-03,69.0,0.0,69.0,13753.0
446,1982-04,74.0,0.0,74.0,13827.0
447,1982-05,58.0,0.0,58.0,13885.0
448,1982-06,58.0,0.0,58.0,13943.0
449,1982-07,81.0,0.0,81.0,14024.0
450,1982-08,50.0,0.0,50.0,14074.0
451,1982-09,67.0,0.0,67.0,14141.0
452,1982-10,71.0,0.0,71.0,14212.0
453,1982-11,73.0,0.0,73.0,14285.0
454,1982-12,59.0,0.0,59.0,14344.0
455,1983-01,255.0,0.0,255.0,14599.0
456,1983-02,85.0,0.0,85.0,14684.0
457,1983-03,97.0,0.0,97.0,14781.0
458,1983-04,88.0,0.0,88.0,14869.0
459,1983-05,89.0,0.0,89.0,14958.0
460,1983-06,92.0,0.0,92.0,15050.0
461,1983-07,100.0,0.0,100.0,15150.0
462,1983-08,79.0,0.0,79.0,15229.0
463,1983-09,76.0,0.0,76.0,15305.0
464,1983-10,91.0,0.0,91.0,15396.0
465,1983-11,75.0,0.0,75.0,15471.0
466,1983-12,69.0,0.0,69.0,15540.0
467,1984-01,639.0,0.0,639.0,16179.0
468,1984-02,198.0,0.0,198.0,16377.0
469,1984-03,180.0,0.0,180.0,16557.0
470,1984-04,181.0,0.0,181.0,16738.0
471,1984-05,192.0,0.0,192.0,16930.0
472,1984-06,197.0,0.0,197.0,17127.0
473,1984-07,551.0,0.0,551.0,17678.0
474,1984-08,179.0,0.0,179.0,17857.0
475,1984-09,169.0,0.0,169.0,18026.0
476,1984-10,197.0,1.0,196.0,18222.0
477,1984-11,166.0,0.0,166.0,18388.0
478,1984-12,171.0,1.0,170.0,18558.0
479,1985-01,524.0,0.0,524.0,19082.0
480,1985-02,241.0,0.0,241.0,19323.0
481,1985-03,232.0,0.0,232.0,19555.0
482,1985-04,226.0,0.0,226.0,19781.0
483,1985-05,168.0,0.0,168.0,19949.0
484,1985-06,181.0,0.0,181.0,20130.0
485,1985-07,196.0,0.0,196.0,20326.0
486,1985-08,147.0,0.0,147.0,20473.0
487,1985-09,149.0,0.0,149.0,20622.0
488,1985-10,178.0,0.0,178.0,20800.0
489,1985-11,155.0,0.0,155.0,20955.0
490,1985-12,128.0,0.0,128.0,21083.0
491,1986-01,365.0,0.0,365.0,21448.0
492,1986-02,134.0,0.0,134.0,21582.0
493,1986-03,120.0,0.0,120.0,21702.0
494,1986-04,144.0,0.0,144.0,21846.0
495,1986-05,110.0,0.0,110.0,21956.0
496,1986-06,132.0,0.0,132.0,22088.0
497,1986-07,149.0,0.0,149.0,22237.0
498,1986-08,127.0,0.0,127.0,22364.0
499,1986-09,134.0,0.0,134.0,22498.0
500,1986-10,141.0,0.0,141.0,22639.0
501,1986-11,100.0,0.0,100.0,22739.0
502,1986-12,93.0,0.0,93.0,22832.0
503,1987-01,524.0,0.0,524.0,23356.0
504,1987-02,143.0,0.0,143.0,23499.0
505,1987-03,129.0,0.0,129.0,23628.0
506,1987-04,130.0,0.0,130.0,23758.0
507,1987-05,130.0,0.0,130.0,23888.0
508,1987-06,136.0,0.0,136.0,24024.0
509,1987-07,174.0,0.0,174.0,24198.0
510,1987-08,158.0,0.0,158.0,24356.0
511,1987-09,158.0,0.0,158.0,24514.0
512,1987-10,152.0,0.0,152.0,24666.0
513,1987-11,114.0,0.0,114.0,24780.0
514,1987-12,84.0,0.0,84.0,24864.0
515,1988-01,516.0,0.0,516.0,25380.0
516,1988-02,178.0,1.0,177.0,25557.0
517,1988-03,166.0,0.0,166.0,25723.0
518,1988-04,185.0,0.0,185.0,25908.0
519,1988-05,155.0,0.0,155.0,26063.0
520,1988-06,177.0,0.0,177.0,26240.0
521,1988-07,184.0,0.0,184.0,26424.0
522,1988-08,197.0,0.0,197.0,26621.0
523,1988-09,162.0,0.0,162.0,26783.0
524,1988-10,153.0,0.0,153.0,26936.0
525,1988-11,141.0,0.0,141.0,27077.0
526,1988-12,110.0,0.0,110.0,27187.0
527,1989-01,543.0,0.0,543.0,27730.0
528,1989-02,161.0,0.0,161.0,27891.0
529,1989-03,186.0,0.0,186.0,28077.0
530,1989-04,187.0,0.0,187.0,28264.0
531,1989-05,156.0,0.0,156.0,28420.0
532,1989-06,175.0,0.0,175.0,28595.0
533,1989-07,166.0,0.0,166.0,28761.0
534,1989-08,154.0,0.0,154.0,28915.0
535,1989-09,163.0,0.0,163.0,29078.0
536,1989-10,172.0,0.0,172.0,29250.0
537,1989-11,155.0,0.0,155.0,29405.0
538,1989-12,105.0,1.0,104.0,29509.0
539,1990-01,752.0,0.0,752.0,30261.0
540,1990-02,158.0,0.0,158.0,30419.0
541,1990-03,169.0,0.0,169.0,30588.0
542,1990-04,156.0,0.0,156.0,30744.0
543,1990-05,168.0,1.0,167.0,30911.0
544,1990-06,181.0,0.0,181.0,31092.0
545,1990-07,167.0,0.0,167.0,31259.0
546,1990-08,181.0,0.0,181.0,31440.0
547,1990-09,141.0,0.0,141.0,31581.0
548,1990-10,167.0,0.0,167.0,31748.0
549,1990-11,122.0,0.0,122.0,31870.0
550,1990-12,78.0,1.0,77.0,31947.0
551,1991-01,649.0,0.0,649.0,32596.0
552,1991-02,180.0,0.0,180.0,32776.0
553,1991-03,164.0,1.0,163.0,32939.0
554,1991-04,159.0,0.0,159.0,33098.0
555,1991-05,178.0,0.0,178.0,33276.0
556,1991-06,203.0,0.0,203.0,33479.0
557,1991-07,212.0,0.0,212.0,33691.0
558,1991-08,196.0,0.0,196.0,33887.0
559,1991-09,199.0,0.0,199.0,34086.0
560,1991-10,179.0,0.0,179.0,34265.0
561,1991-11,123.0,0.0,123.0,34388.0
562,1991-12,111.0,0.0,111.0,34499.0
563,1992-01,807.0,0.0,807.0,35306.0
564,1992-02,202.0,0.0,202.0,35508.0
565,1992-03,244.0,0.0,244.0,35752.0
566,1992-04,212.0,1.0,211.0,35963.0
567,1992-05,200.0,0.0,200.0,36163.0
568,1992-06,203.0,0.0,203.0,36366.0
569,1992-07,197.0,0.0,197.0,36563.0
570,1992-08,204.0,0.0,204.0,36767.0
571,1992-09,174.0,0.0,174.0,36941.0
572,1992-10,182.0,0.0,182.0,37123.0
573,1992-11,172.0,0.0,172.0,37295.0
574,1992-12,117.0,0.0,117.0,37412.0
575,1993-01,684.0,0.0,684.0,38096.0
576,1993-02,212.0,0.0,212.0,38308.0
577,1993-03,239.0,0.0,239.0,38547.0
578,1993-04,239.0,0.0,239.0,38786.0
579,1993-05,208.0,0.0,208.0,38994.0
580,1993-06,220.0,0.0,220.0,39214.0
581,1993-07,238.0,0.0,238.0,39452.0
582,1993-08,211.0,0.0,211.0,39663.0
583,1993-09,213.0,1.0,212.0,39875.0
584,1993-10,200.0,0.0,200.0,40075.0
585,1993-11,168.0,0.0,168.0,40243.0
586,1993-12,123.0,1.0,122.0,40365.0
587,1994-01,765.0,0.0,765.0,41130.0
588,1994-02,244.0,0.0,244.0,41374.0
589,1994-03,306.0,0.0,306.0,41680.0
590,1994-04,264.0,0.0,264.0,41944.0
591,1994-05,286.0,0.0,286.0,42230.0
592,1994-06,293.0,0.0,293.0,42523.0
593,1994-07,265.0,0.0,265.0,42788.0
594,1994-08,239.0,0.0,239.0,43027.0
595,1994-09,228.0,0.0,228.0,43255.0
596,1994-10,240.0,0.0,240.0,43495.0
597,1994-11,226.0,0.0,226.0,43721.0
598,1994-12,144.0,4.0,140.0,43861.0
599,1995-01,973.0,0.0,973.0,44834.0
600,1995-02,302.0,0.0,302.0,45136.0
601,1995-03,311.0,0.0,311.0,45447.0
602,1995-04,324.0,0.0,324.0,45771.0
603,1995-05,257.0,0.0,257.0,46028.0
604,1995-06,274.0,0.0,274.0,46302.0
605,1995-07,318.0,0.0,318.0,46620.0
606,1995-08,296.0,0.0,296.0,46916.0
607,1995-09,276.0,1.0,275.0,47191.0
608,1995-10,227.0,0.0,227.0,47418.0
609,1995-11,226.0,0.0,226.0,47644.0
610,1995-12,131.0,4.0,127.0,47771.0
611,1996-01,1090.0,0.0,1090.0,48861.0
612,1996-02,324.0,0.0,324.0,49185.0
613,1996-03,329.0,1.0,328.0,49513.0
614,1996-04,307.0,0.0,307.0,49820.0
615,1996-05,313.0,1.0,312.0,50132.0
616,1996-06,314.0,0.0,314.0,50446.0
617,1996-07,336.0,0.0,336.0,50782.0
618,1996-08,268.0,0.0,268.0,51050.0
619,1996-09,265.0,1.0,264.0,51314.0
620,1996-10,278.0,0.0,278.0,51592.0
621,1996-11,238.0,0.0,238.0,51830.0
622,1996-12,260.0,7.0,253.0,52083.0
623,1997-01,1726.0,1.0,1725.0,53808.0
624,1997-02,362.0,1.0,361.0,54169.0
625,1997-03,346.0,1.0,345.0,54514.0
626,1997-04,389.0,0.0,389.0,54903.0
627,1997-05,354.0,1.0,353.0,55256.0
628,1997-06,410.0,0.0,410.0,55666.0
629,1997-07,402.0,0.0,402.0,56068.0
630,1997-08,443.0,0.0,443.0,56511.0
631,1997-09,529.0,0.0,529.0,57040.0
632,1997-10,347.0,0.0,347.0,57387.0
633,1997-11,233.0,0.0,233.0,57620.0
634,1997-12,188.0,8.0,180.0,57800.0
635,1998-01,1463.0,0.0,1463.0,59263.0
636,1998-02,363.0,0.0,363.0,59626.0
637,1998-03,425.0,1.0,424.0,60050.0
638,1998-04,412.0,0.0,412.0,60462.0
639,1998-05,365.0,0.0,365.0,60827.0
640,1998-06,458.0,1.0,457.0,61284.0
641,1998-07,411.0,0.0,411.0,61695.0
642,1998-08,375.0,0.0,375.0,62070.0
643,1998-09,365.0,1.0,364.0,62434.0
644,1998-10,372.0,2.0,370.0,62804.0
645,1998-11,259.0,0.0,259.0,63063.0
646,1998-12,233.0,8.0,225.0,63288.0
647,1999-01,3119.0,1.0,3118.0,66406.0
648,1999-02,519.0,0.0,519.0,66925.0
649,1999-03,481.0,0.0,481.0,67406.0
650,1999-04,466.0,1.0,465.0,67871.0
651,1999-05,419.0,0.0,419.0,68290.0
652,1999-06,523.0,0.0,523.0,68813.0
653,1999-07,499.0,0.0,499.0,69312.0
654,1999-08,416.0,1.0,415.0,69727.0
655,1999-09,390.0,0.0,390.0,70117.0
656,1999-10,434.0,0.0,434.0,70551.0
657,1999-11,329.0,0.0,329.0,70880.0
658,1999-12,213.0,5.0,208.0,71088.0
659,2000-01,3252.0,1.0,3251.0,74339.0
660,2000-02,533.0,0.0,533.0,74872.0
661,2000-03,533.0,0.0,533.0,75405.0
662,2000-04,561.0,1.0,560.0,75965.0
663,2000-05,490.0,0.0,490.0,76455.0
664,2000-06,556.0,2.0,554.0,77009.0
665,2000-07,555.0,0.0,555.0,77564.0
666,2000-08,500.0,0.0,500.0,78064.0
667,2000-09,487.0,1.0,486.0,78550.0
668,2000-10,418.0,1.0,417.0,78967.0
669,2000-11,354.0,0.0,354.0,79321.0
670,2000-12,206.0,18.0,188.0,79509.0
671,2001-01,3226.0,0.0,3226.0,82735.0
672,2001-02,624.0,1.0,623.0,83358.0
673,2001-03,639.0,0.0,639.0,83997.0
674,2001-04,681.0,2.0,679.0,84676.0
675,2001-05,527.0,2.0,525.0,85201.0
676,2001-06,620.0,0.0,620.0,85821.0
677,2001-07,577.0,0.0,577.0,86398.0
678,2001-08,537.0,0.0,537.0,86935.0
679,2001-09,549.0,0.0,549.0,87484.0
680,2001-10,559.0,1.0,558.0,88042.0
681,2001-11,473.0,2.0,471.0,88513.0
682,2001-12,342.0,24.0,318.0,88831.0
683,2002-01,2969.0,2.0,2967.0,91798.0
684,2002-02,667.0,2.0,665.0,92463.0
685,2002-03,685.0,1.0,684.0,93147.0
686,2002-04,621.0,1.0,620.0,93767.0
687,2002-05,641.0,2.0,639.0,94406.0
688,2002-06,603.0,4.0,599.0,95005.0
689,2002-07,680.0,1.0,679.0,95684.0
690,2002-08,590.0,4.0,586.0,96270.0
691,2002-09,624.0,1.0,623.0,96893.0
692,2002-10,602.0,4.0,598.0,97491.0
693,2002-11,500.0,3.0,497.0,97988.0
694,2002-12,338.0,41.0,297.0,98285.0
695,2003-01,3514.0,6.0,3508.0,101793.0
696,2003-02,684.0,4.0,680.0,102473.0
697,2003-03,744.0,3.0,741.0,103214.0
698,2003-04,685.0,3.0,682.0,103896.0
699,2003-05,712.0,2.0,710.0,104606.0
700,2003-06,714.0,9.0,705.0,105311.0
701,2003-07,671.0,5.0,666.0,105977.0
702,2003-08,648.0,2.0,646.0,106623.0
703,2003-09,738.0,1.0,737.0,107360.0
704,2003-10,678.0,9.0,669.0,108029.0
705,2003-11,545.0,5.0,540.0,108569.0
706,2003-12,429.0,148.0,281.0,108850.0
707,2004-01,5061.0,15.0,5046.0,113896.0
708,2004-02,802.0,4.0,798.0,114694.0
709,2004-03,806.0,6.0,800.0,115494.0
710,2004-04,864.0,7.0,857.0,116351.0
711,2004-05,728.0,8.0,720.0,117071.0
712,2004-06,813.0,10.0,803.0,117874.0
713,2004-07,790.0,6.0,784.0,118658.0
714,2004-08,675.0,9.0,666.0,119324.0
715,2004-09,636.0,6.0,630.0,119954.0
716,2004-10,574.0,13.0,561.0,120515.0
717,2004-11,385.0,22.0,363.0,120878.0
718,2004-12,327.0,261.0,66.0,120944.0
719,2005-01,3998.0,21.0,3977.0,124921.0
720,2005-02,586.0,11.0,575.0,125496.0
721,2005-03,606.0,17.0,589.0,126085.0
722,2005-04,531.0,22.0,509.0,126594.0
723,2005-05,601.0,14.0,587.0,127181.0
724,2005-06,655.0,27.0,628.0,127809.0
725,2005-07,584.0,22.0,562.0,128371.0
726,2005-08,528.0,16.0,512.0,128883.0
727,2005-09,555.0,14.0,541.0,129424.0
728,2005-10,508.0,18.0,490.0,129914.0
729,2005-11,449.0,12.0,437.0,130351.0
730,2005-12,308.0,138.0,170.0,130521.0
731,2006-01,4417.0,22.0,4395.0,134916.0
732,2006-02,711.0,21.0,690.0,135606.0
733,2006-03,716.0,19.0,697.0,136303.0
734,2006-04,633.0,19.0,614.0,136917.0
735,2006-05,676.0,32.0,644.0,137561.0
736,2006-06,831.0,34.0,797.0,138358.0
737,2006-07,714.0,24.0,690.0,139048.0
738,2006-08,674.0,18.0,656.0,139704.0
739,2006-09,663.0,15.0,648.0,140352.0
740,2006-10,663.0,21.0,642.0,140994.0
741,2006-11,530.0,20.0,510.0,141504.0
742,2006-12,404.0,513.0,-109.0,141395.0
743,2007-01,5989.0,905.0,5084.0,146479.0
744,2007-02,753.0,34.0,719.0,147198.0
745,2007-03,797.0,47.0,750.0,147948.0
746,2007-04,903.0,42.0,861.0,148809.0
747,2007-05,1049.0,41.0,1008.0,149817.0
748,2007-06,1112.0,70.0,1042.0,150859.0
749,2007-07,1157.0,65.0,1092.0,151951.0
750,2007-08,1088.0,60.0,1028.0,152979.0
751,2007-09,966.0,51.0,915.0,153894.0
752,2007-10,929.0,61.0,868.0,154762.0
753,2007-11,789.0,53.0,736.0,155498.0
754,2007-12,497.0,844.0,-347.0,155151.0
755,2008-01,4862.0,103.0,4759.0,159910.0
756,2008-02,1203.0,44.0,1159.0,161069.0
757,2008-03,1196.0,71.0,1125.0,162194.0
758,2008-04,1110.0,47.0,1063.0,163257.0
759,2008-05,1007.0,61.0,946.0,164203.0
760,2008-06,1071.0,84.0,987.0,165190.0
761,2008-07,1040.0,54.0,986.0,166176.0
762,2008-08,966.0,55.0,911.0,167087.0
763,2008-09,964.0,70.0,894.0,167981.0
764,2008-10,894.0,50.0,844.0,168825.0
765,2008-11,621.0,48.0,573.0,169398.0
766,2008-12,502.0,1150.0,-648.0,168750.0
767,2009-01,4815.0,172.0,4643.0,173393.0
768,2009-02,1115.0,75.0,1040.0,174433.0
769,2009-03,1154.0,125.0,1029.0,175462.0
770,2009-04,1082.0,83.0,999.0,176461.0
771,2009-05,1079.0,93.0,986.0,177447.0
772,2009-06,1108.0,127.0,981.0,178428.0
773,2009-07,1180.0,122.0,1058.0,179486.0
774,2009-08,1007.0,83.0,924.0,180410.0
775,2009-09,954.0,88.0,866.0,181276.0
776,2009-10,944.0,108.0,836.0,182112.0
777,2009-11,767.0,84.0,683.0,182795.0
778,2009-12,565.0,4628.0,-4063.0,178732.0
779,2010-01,5486.0,172.0,5314.0,184046.0
780,2010-02,1127.0,78.0,1049.0,185095.0
781,2010-03,1309.0,113.0,1196.0,186291.0
782,2010-04,1160.0,99.0,1061.0,187352.0
783,2010-05,1067.0,100.0,967.0,188319.0
784,2010-06,1141.0,126.0,1015.0,189334.0
785,2010-07,1121.0,113.0,1008.0,190342.0
786,2010-08,1082.0,93.0,989.0,191331.0
787,2010-09,960.0,99.0,861.0,192192.0
788,2010-10,970.0,126.0,844.0,193036.0
789,2010-11,752.0,89.0,663.0,193699.0
790,2010-12,675.0,8477.0,-7802.0,185897.0
791,2011-01,5966.0,249.0,5717.0,191614.0
792,2011-02,1292.0,85.0,1207.0,192821.0
793,2011-03,1279.0,87.0,1192.0,194013.0
794,2011-04,1247.0,84.0,1163.0,195176.0
795,2011-05,1165.0,98.0,1067.0,196243.0
796,2011-06,1273.0,117.0,1156.0,197399.0
797,2011-07,1218.0,120.0,1098.0,198497.0
798,2011-08,1125.0,97.0,1028.0,199525.0
799,2011-09,1070.0,87.0,983.0,200508.0
800,2011-10,1048.0,98.0,950.0,201458.0
801,2011-11,858.0,94.0,764.0,202222.0
802,2011-12,712.0,3966.0,-3254.0,198968.0
803,2012-01,6336.0,167.0,6169.0,205137.0
804,2012-02,1409.0,99.0,1310.0,206447.0
805,2012-03,1427.0,108.0,1319.0,207766.0
806,2012-04,1337.0,90.0,1247.0,209013.0
807,2012-05,1338.0,80.0,1258.0,210271.0
808,2012-06,1425.0,106.0,1319.0,211590.0
809,2012-07,1409.0,93.0,1316.0,212906.0
810,2012-08,1295.0,103.0,1192.0,214098.0
811,2012-09,1131.0,112.0,1019.0,215117.0
812,2012-10,1283.0,108.0,1175.0,216292.0
813,2012-11,955.0,140.0,815.0,217107.0
814,2012-12,909.0,5481.0,-4572.0,212535.0
815,2013-01,7843.0,152.0,7691.0,220226.0
816,2013-02,1536.0,94.0,1442.0,221668.0
817,2013-03,1672.0,109.0,1563.0,223231.0
818,2013-04,1591.0,90.0,1501.0,224732.0
819,2013-05,1532.0,97.0,1435.0,226167.0
820,2013-06,1612.0,117.0,1495.0,227662.0
821,2013-07,1575.0,111.0,1464.0,229126.0
822,2013-08,1544.0,102.0,1442.0,230568.0
823,2013-09,1397.0,115.0,1282.0,231850.0
824,2013-10,1423.0,128.0,1295.0,233145.0
825,2013-11,1139.0,100.0,1039.0,234184.0
826,2013-12,905.0,7897.0,-6992.0,227192.0
827,2014-01,8733.0,206.0,8527.0,235719.0
828,2014-02,1782.0,99.0,1683.0,237402.0
829,2014-03,1857.0,98.0,1759.0,239161.0
830,2014-04,1971.0,96.0,1875.0,241036.0
831,2014-05,1681.0,107.0,1574.0,242610.0
832,2014-06,1917.0,127.0,1790.0,244400.0
833,2014-07,1884.0,116.0,1768.0,246168.0
834,2014-08,1735.0,79.0,1656.0,247824.0
835,2014-09,1618.0,130.0,1488.0,249312.0
836,2014-10,1672.0,99.0,1573.0,250885.0
837,2014-11,1193.0,101.0,1092.0,251977.0
838,2014-12,1011.0,3799.0,-2788.0,249189.0
839,2015-01,10253.0,388.0,9865.0,259054.0
840,2015-02,1970.0,83.0,1887.0,260941.0
841,2015-03,2182.0,108.0,2074.0,263015.0
842,2015-04,2057.0,103.0,1954.0,264969.0
843,2015-05,1809.0,88.0,1721.0,266690.0
844,2015-06,2140.0,132.0,2008.0,268698.0
845,2015-07,2079.0,103.0,1976.0,270674.0
846,2015-08,1801.0,97.0,1704.0,272378.0
847,2015-09,1743.0,104.0,1639.0,274017.0
848,2015-10,1794.0,144.0,1650.0,275667.0
849,2015-11,1338.0,91.0,1247.0,276914.0
850,2015-12,1184.0,4684.0,-3500.0,273414.0
851,2016-01,8753.0,226.0,8527.0,281941.0
852,2016-02,2143.0,96.0,2047.0,283988.0
853,2016-03,2063.0,357.0,1706.0,285694.0
854,2016-04,1987.0,106.0,1881.0,287575.0
855,2016-05,1820.0,113.0,1707.0,289282.0
856,2016-06,2102.0,163.0,1939.0,291221.0
857,2016-07,1787.0,88.0,1699.0,292920.0
858,2016-08,1853.0,112.0,1741.0,294661.0
859,2016-09,1760.0,110.0,1650.0,296311.0
860,2016-10,1705.0,106.0,1599.0,297910.0
861,2016-11,1338.0,98.0,1240.0,299150.0
862,2016-12,1102.0,3136.0,-2034.0,297116.0
863,2017-01,7805.0,221.0,7584.0,304700.0
864,2017-02,1944.0,87.0,1857.0,306557.0
865,2017-03,2153.0,119.0,2034.0,308591.0
866,2017-04,1953.0,130.0,1823.0,310414.0
867,2017-05,2116.0,103.0,2013.0,312427.0
868,2017-06,2089.0,129.0,1960.0,314387.0
869,2017-07,1878.0,106.0,1772.0,316159.0
870,2017-08,1857.0,93.0,1764.0,317923.0
871,2017-09,1622.0,118.0,1504.0,319427.0
872,2017-10,1807.0,123.0,1684.0,321111.0
873,2017-11,1440.0,121.0,1319.0,322430.0
874,2017-12,1196.0,3353.0,-2157.0,320273.0
875,2018-01,9879.0,267.0,9612.0,329885.0
876,2018-02,2239.0,95.0,2144.0,332029.0
877,2018-03,2341.0,123.0,2218.0,334247.0
878,2018-04,2112.0,131.0,1981.0,336228.0
879,2018-05,2162.0,104.0,2058.0,338286.0
880,2018-06,2078.0,150.0,1928.0,340214.0
881,2018-07,2072.0,153.0,1919.0,342133.0
882,2018-08,2150.0,97.0,2053.0,344186.0
883,2018-09,1784.0,133.0,1651.0,345837.0
884,2018-10,2001.0,154.0,1847.0,347684.0
885,2018-11,1371.0,128.0,1243.0,348927.0
886,2018-12,1174.0,4234.0,-3060.0,345867.0
887,2019-01,9951.0,259.0,9692.0,355559.0
888,2019-02,2044.0,120.0,1924.0,357483.0
889,2019-03,2158.0,152.0,2006.0,359489.0
890,2019-04,2097.0,106.0,1991.0,361480.0
891,2019-05,1986.0,143.0,1843.0,363323.0
892,2019-06,1953.0,169.0,1784.0,365107.0
893,2019-07,1930.0,132.0,1798.0,366905.0
894,2019-08,1843.0,117.0,1726.0,368631.0
895,2019-09,1727.0,126.0,1601.0,370232.0
896,2019-10,1789.0,151.0,1638.0,371870.0
897,2019-11,1307.0,106.0,1201.0,373071.0
898,2019-12,1151.0,4700.0,-3549.0,369522.0
899,2020-01,7415.0,320.0,7095.0,376617.0
900,2020-02,2094.0,157.0,1937.0,378554.0
901,2020-03,1596.0,328.0,1268.0,379822.0
902,2020-04,1146.0,99.0,1047.0,380869.0
903,2020-05,1137.0,94.0,1043.0,381912.0
904,2020-06,1459.0,135.0,1324.0,383236.0
905,2020-07,1701.0,103.0,1598.0,384834.0
906,2020-08,1752.0,97.0,1655.0,386489.0
907,2020-09,1512.0,114.0,1398.0,387887.0
908,2020-10,1507.0,139.0,1368.0,389255.0
909,2020-11,1048.0,120.0,928.0,390183.0
910,2020-12,961.0,4261.0,-3300.0,386883.0
911,2021-01,4996.0,234.0,4762.0,391645.0
912,2021-02,1529.0,107.0,1422.0,393067.0
913,2021-03,1556.0,115.0,1441.0,394508.0
914,2021-04,1409.0,91.0,1318.0,395826.0
915,2021-05,1313.0,91.0,1222.0,397048.0
916,2021-06,1565.0,107.0,1458.0,398506.0
917,2021-07,1369.0,87.0,1282.0,399788.0
918,2021-08,1199.0,111.0,1088.0,400876.0
919,2021-09,910.0,101.0,809.0,401685.0
920,2021-10,787.0,97.0,690.0,402375.0
921,2021-11,580.0,106.0,474.0,402849.0
922,2021-12,523.0,663.0,-140.0,402709.0
923,2022-01,2527.0,224.0,2303.0,405012.0
924,2022-02,806.0,101.0,705.0,405717.0
925,2022-03,796.0,71.0,725.0,406442.0
926,2022-04,839.0,84.0,755.0,407197.0
927,2022-05,865.0,91.0,774.0,407971.0
928,2022-06,848.0,97.0,751.0,408722.0
929,2022-07,775.0,80.0,695.0,409417.0
930,2022-08,790.0,83.0,707.0,410124.0
931,2022-09,757.0,84.0,673.0,410797.0
932,2022-10,742.0,86.0,656.0,411453.0
933,2022-11,580.0,72.0,508.0,411961.0
934,2022-12,472.0,576.0,-104.0,411857.0
935,2023-01,2575.0,180.0,2395.0,414252.0
936,2023-02,769.0,79.0,690.0,414942.0
937,2023-03,865.0,100.0,765.0,415707.0
938,2023-04,746.0,67.0,679.0,416386.0
939,2023-05,796.0,87.0,709.0,417095.0
940,2023-06,813.0,124.0,689.0,417784.0
941,2023-07,839.0,64.0,775.0,418559.0
942,2023-08,853.0,67.0,786.0,419345.0
943,2023-09,765.0,76.0,689.0,420034.0
944,2023-10,735.0,127.0,608.0,420642.0
945,2023-11,601.0,92.0,509.0,421151.0
946,2023-12,415.0,476.0,-61.0,421090.0
947,2024-01,1489.0,125.0,1364.0,422454.0
948,2024-02,565.0,47.0,518.0,422972.0
949,2024-03,612.0,47.0,565.0,423537.0
950,2024-04,703.0,45.0,658.0,424195.0
951,2024-05,659.0,52.0,607.0,424802.0
952,2024-06,637.0,37.0,600.0,425402.0
953,2024-07,585.0,32.0,553.0,425955.0
954,2024-08,571.0,30.0,541.0,426496.0
955,2024-09,557.0,24.0,533.0,427029.0
956,2024-10,644.0,21.0,623.0,427652.0
957,2024-11,505.0,28.0,477.0,428129.0
958,2024-12,269.0,39.0,230.0,428359.0
959,2025-01,246.0,17.0,229.0,428588.0
