City,Zip_Code
Acton,93510
Agoura Hills,91301
Agoura Hills(PO Boxes),91376
Agua Dulce,91390
Alhambra,91801
Alhambra,91803
Alhambra(Non-Geographic Zip Code Within 91801),91804
Alhambra(PO Boxes),91802
Alhambra(PO Boxes),91896
Alhambra(PO Boxes),91899
Altadena,91001
Altadena(PO Boxes),91003
Americana at Brand & Glendale Galleria (Glendale),91210
Arcadia,91006
Arcadia,91007
Arcadia(PO Boxes),91066
Arcadia(PO Boxes),91077
Arleta (Los Angeles),91331
Arlington Heights (Los Angeles),90019
Artesia,90701
Artesia(PO Boxes),90702
Athens,90044
Atwater Village (Los Angeles),90039
Avalon(PO Boxes),90704
Avocado Heights,91746
Azusa,91010
Azusa,91702
Baldwin Hills (Los Angeles),90008
Baldwin Park,91706
Bassett,91746
Bel Air Estates (Los Angeles),90049
"Bel Air Estates, Beverly Glen (Los Angeles)",90077
Bell,90201
Bell,90270
Bell(PO Boxes),90202
Bell(Shared Firms),90096
Bell Canyon,91307
Bell Gardens,90201
Bell Gardens(PO Boxes),90202
Bellflower,90706
Bellflower(PO Boxes),90707
Belmont Shore (Long Beach),90803
Belmont Shore (PO Boxes) (Long Beach),90853
"Beverly Glen, Bel Air Estates (Los Angeles)",90077
Beverly Hills,90210
Beverly Hills,90211
Beverly Hills,90212
Beverly Hills(PO Boxes),90209
Beverly Hills(PO Boxes),90213
Biola University (La Mirada),90639
Bixby Knolls (Long Beach),90807
Bouquet Canyon,91350
Box Canyon,91304
Boyle Heights (Los Angeles),90033
Boyle Heights (Los Angeles),90063
Bradbury,91008
Bradbury,91010
Brentwood (Los Angeles),90049
Burbank,91501
Burbank,91502
Burbank,91505
Burbank,91506
Burbank(Burbank Studios),91522
Burbank(Glenoaks),91504
Burbank(PO Boxes),91503
Burbank(PO Boxes),91507
Burbank(PO Boxes),91508
Burbank(PO Boxes),91510
Burbank(Walt Disney Co),91521
Burbank(Walt Disney Co),91526
Burbank Studios (Burbank),91522
Burbank Studios (Burbank),91523
Bureau of the Census (Pomona),91797
Byzantine-Latino Quarter (Los Angeles),90006
Calabasas,91302
California Institute of Technology (Pasadena),91125
California Institute of Technology (Pasadena),91126
California State Univ Long Beach (Long Beach),90840
California State Univ Northridge (Los Angeles),91330
Camino College (Torrance),90506
Canoga Park (Los Angeles),91303
Canoga Park (Los Angeles),91304
Canoga Park (PO Boxes) (Los Angeles),91305
Canoga Park (PO Boxes) (Los Angeles),91308
Canoga Park (PO Boxes) (Los Angeles),91309
Canyon Country (PO Boxes) (Santa Clarita),91386
Canyon Country (Santa Clarita),91351
Canyon Country (Santa Clarita),91387
Carson,90745
Carson,90746
Carson,90810
Carson(California State Univ Dominguez Hills),90747
Carson(Lakeshore Learning),90895
Carson(PO Boxes),90749
Castaic,91310
Castaic,91384
Castaic Valley (Santa Clarita PO),91383
Catalina Island (PO Boxes),90704
Castellemare (Los Angeles),90272
Century City (Los Angeles),90067
Cerritos,90703
Charter Oak,91724
Chatsworth (Los Angeles),91311
Chatsworth (PO Boxes) (Los Angeles),91313
Cheviot Hills (Los Angeles),90064
Chinatown (Los Angeles),90012
Chinatown (PO Boxes) (Los Angeles),90030
Chinatown (PO Boxes) (Los Angeles),90086
Chinatown (PO Boxes) (Los Angeles),90087
Citibank (Los Angeles),90189
City Ranch,93551
City Terrace,90063
Claremont,91711
"Commerce, City of",90040
Commerce(PO Boxes),90091
"Commerce,East Los Angeles",90023
Compton,90220
Compton,90221
Compton,90222
Compton,90224
Compton(PO Boxes),90223
Cornell,91301
Country Club Park (Los Angeles),90019
Covina,91722
Covina,91723
Covina,91724
Crenshaw (Los Angeles),90008
Crystalaire,93544
Cudahy,90201
Culver City,90066
Culver City,90230
Culver City,90232
Culver City(PO Boxes),90231
Culver City(PO Boxes),90233
Cypress Park (Los Angeles),90065
Del Sur,93536
Diamond Bar,91765
Diamond Bar,91789
Dominguez,90810
Downey,90240
Downey,90241
Downey,90242
Downey(PO Boxes),90239
Downtown Arts District (Los Angeles),90012
Downtown Arts District (Los Angeles),90014
Downtown Bank of America (Los Angeles),90074
Downtown Bunker Hill (Los Angeles),90012
Downtown Bunker Hill (Los Angeles),90017
Downtown Bunker Hill (Los Angeles),90071
Downtown Bunker Hill (PO Boxes) (Los Angeles),90081
Downtown Central (Los Angeles),90012
Downtown Central (Los Angeles),90013
Downtown City West (Los Angeles),90017
Downtown Civic Center (Los Angeles),90012
Downtown Civic Center (PO Boxes) (Los Angeles),90053
Downtown Fashion District (Los Angeles),90013
Downtown Fashion District (Los Angeles),90014
Downtown Fashion District (Los Angeles),90015
Downtown Fashion District (Los Angeles),90021
Downtown Fashion District (Los Angeles),90079
Downtown Fashion District (PO Boxes) (Los Angeles),90055
Downtown Historic Core (Los Angeles),90012
Downtown Historic Core (Los Angeles),90014
Downtown Historic Core (Los Angeles),90071
Downtown Little Tokyo (Los Angeles),90012
Downtown South Park (Los Angeles),90015
Downtown South Park (Los Angeles),90017
Downtown Southeast (Los Angeles),90021
Downtown Terminal Annex (PO Boxes) (Los Angeles),90086
Duarte,91010
Duarte(PO Boxes),91009
Eagle Rock (Los Angeles),90041
East Hollywood (Los Angeles),90029
East La Mirada,90604
East Long Beach (Long Beach),90804
East Los Angeles,90022
"East Los Angeles,City of Commerce",90023
East Rancho Dominguez,90221
Echo Park (Los Angeles),90026
Edwards AFB (Portion in LA County),93523
El Monte,91731
El Monte,91732
El Monte,91733
El Monte(PO Boxes),91734
El Monte(Wells Fargo Bank),91735
El Segundo,90245
"El Sereno, Monterey Hills, University Hills (Los Angeles)",90032
Elizabeth Lake,93532
Elysian Valley (Los Angeles),90039
Encino (Los Angeles),91316
Encino (Los Angeles),91436
Encino (PO Boxes) (Los Angeles),91416
Encino (PO Boxes) (Los Angeles),91426
Fair Oaks Ranch,91387
Fairfax (Los Angeles),90036
Fairmont,93536
Farmers Market (Los Angeles),90036
"Florence-Graham, South Los Angeles (Los Angeles)",90001
Fuller Theological Seminary (Pasadena),91182
Gardena,90247
Gardena,90248
Gardena,90249
Glassell Park (Los Angeles),90065
Glendale,91201
Glendale,91202
Glendale,91203
Glendale,91206
Glendale,91207
Glendale,91208
Glendale,91214
Glendale,91224
Glendale(Glendale Galleria PO Boxes),91210
Glendale(PO Boxes),91209
Glendale(PO Boxes),91221
Glendale(PO Boxes),91222
Glendale(PO Boxes),91225
Glendale(PO Boxes),91226
Glendale(Tropico),91204
Glendale(Tropico),91205
Glendale(Verdugo City),91046
Glendale Galleria & Americana at Brand (Glendale),91210
Glendora,91740
Glendora,91741
Glenoaks (Burbank),91504
Granada Hills (Los Angeles),91344
Granada Hills (PO Boxes) (Los Angeles),91394
Green Valley,91350
Green Valley,91390
Griffith Park (Los Angeles),90027
Hacienda Heights,91745
Hancock Park (Los Angeles),90004
Hancock Park (Los Angeles),90005
Hancock Park (Los Angeles),90020
Hansen Hills (Los Angeles),91331
Harbor City (Los Angeles),90710
Harbor Gateway/Shoestring (Los Angeles),90061
Harbor Gateway/Shoestring (Los Angeles),90247
Harbor Gateway/Shoestring (Los Angeles),90248
Harbor Gateway/Shoestring (Los Angeles),90501
Harbor Gateway/Shoestring (Los Angeles),90502
Harvard Heights (Los Angeles),90006
Hawaiian Gardens,90716
Hawthorne(Holly Park),90250
Hawthorne(PO Boxes),90251
Hermosa Beach,90254
Hi Vista,93535
Hidden Hills,91302
Highland Park (Los Angeles),90042
Highland Park (PO Boxes) (Los Angeles),90050
Holly Park (Hawthorne),90250
Hollywood (Los Angeles),90027
Hollywood (Los Angeles),90028
Hollywood (Los Angeles),90038
Hollywood (Los Angeles),90046
Hollywood (Los Angeles),90068
Hollywood (Los Angeles),90069
Hollywood (PO Boxes) (Los Angeles),90072
Hollywood (PO Boxes) (Los Angeles),90078
Hollywood (PO Boxes) (Los Angeles),90093
Huntington Park,90255
Hyde Park (Los Angeles),90043
"Industry, City of",90601
"Industry, City of",91744
"Industry, City of",91748
"Industry, City of",91789
"Industry, City of(PO Boxes)",91714
"Industry, City of(PO Boxes)",91715
"Industry, City of(PO Boxes)",91716
Inglewood,90301
Inglewood,90302
Inglewood,90303
Inglewood,90304
Inglewood,90305
Inglewood(PO Boxes),90306
Inglewood(PO Boxes),90307
Inglewood(PO Boxes),90308
Inglewood(PO Boxes),90309
Inglewood(PO Boxes),90310
Inglewood(PO Boxes),90311
Inglewood(PO Boxes),90312
Irwindale,91010
Irwindale,91702
Irwindale,91706
Jefferson Park (Los Angeles),90018
Juniper Hills,93543
Juniper Hills,93553
Kagel Canyon,91342
Koreatown (Los Angeles),90005
Koreatown (Los Angeles),90006
La Cañada Flintridge,91011
La Cañada Flintridge(PO Boxes),91012
La Crescenta,91214
La Crescenta (PO Boxes),91224
La Habra Heights,90631
La Mirada,90638
La Mirada(Biola University),90639
La Mirada(PO Boxes),90637
La Puente,91744
La Puente(PO Boxes),91747
La Puente(PO Boxes),91749
La Tuna Canyon (Los Angeles),91352
La Verne,91750
Ladera Heights,90056
Lake Balboa (Los Angeles),91406
Lake Hughes,93532
Lake Los Angeles,93535
Lake Los Angeles,93550
Lake Los Angeles,93591
Lake View Terrace (Los Angeles),91342
Lakewood,90712
Lakewood,90713
Lakewood,90715
Lakewood(PO Boxes),90711
Lakewood(PO Boxes),90714
Lancaster,93534
Lancaster,93535
Lancaster,93536
Lancaster,93586
Lancaster(PO Boxes),93539
Lancaster(PO Boxes),93584
Lawndale,90260
Lawndale Federal Bldg,90261
Leimert Park (Los Angeles),90008
Leimert Park (Los Angeles),90018
Lennox,90304
Leona Valley,93532
Leona Valley,93551
"Lincoln Heights, Montecito Hieghts (Los Angeles)",90031
Littlerock,93543
Llano,93544
Lockheed Advanced Dev Co (Palmdale),93599
Lomita,90717
Long Beach,90802
Long Beach,90806
Long Beach,90808
Long Beach,90810
Long Beach,90813
Long Beach,90814
Long Beach,90815
Long Beach,90822
Long Beach(AARP Pharmacy),90848
Long Beach(AARP),90847
Long Beach(Belmont Shore PO Boxes),90853
"Long Beach(Belmont Shore, Marina, Naples)",90803
Long Beach(Bixby Knolls),90807
Long Beach(Boeing),90846
Long Beach(California State Univ Long Beach),90840
Long Beach(Dept. of Gas & Water),90842
Long Beach(East Long Beach),90804
Long Beach(LA International Service Center),90899
Long Beach(Non-Geographic Zip Code Within 90802),90834
Long Beach(North Long Beach),90805
Long Beach(PO Boxes),90801
Long Beach(PO Boxes),90809
Long Beach(Press Telegram),90844
Long Beach(World Trade Center PO Boxes),90832
Long Beach(World Trade Center),90831
Long Beach(World Trade Center),90833
Long Beach(World Trade Center),90835
Los Angeles(Arleta),91331
Los Angeles(Arlington Heights),90019
Los Angeles(Atwater Village),90039
Los Angeles(Baldwin Hills),90008
Los Angeles(Bel Air Estates),90077
Los Angeles(Bel Air Estates),90049
Los Angeles(Beverly Glen),90077
Los Angeles(Brentwood),90049
Los Angeles(Byzantine-Latino Quarter),90006
Los Angeles(Canoga Park),91304
Los Angeles(Castellemare),90272
Los Angeles(Cheviot Hills),90064
Los Angeles(Chinatown),90012
Los Angeles(Country Club Park),90019
Los Angeles(Crenshaw),90008
Los Angeles(Cypress Park),90065
Los Angeles(Downtown Arts District),90014
Los Angeles(Downtown Bunker Hill),90017
Los Angeles(Downtown Bunker Hill),90071
Los Angeles(Downtown City West),90017
Los Angeles(Downtown Civic Center),90012
Los Angeles(Downtown Historic Core),90014
Los Angeles(Dowtown Fashion District),90013
Los Angeles(Dowtown Fashion District),90015
Los Angeles(Dowtown Fashion District),90079
Los Angeles(Echo Park),90026
"Los Angeles(El Sereno, Monterey Hills, University Hills)",90032
Los Angeles(Elysian Valley),90039
Los Angeles(Fairfax),90036
Los Angeles(Florence-Graham,90001
Los Angeles(Glassell Park),90065
Los Angeles(Griffith Park),90027
Los Angeles(Hancock Park),90004
Los Angeles(Hancock Park),90020
Los Angeles(Hansen Hills),91331
Los Angeles(Harbor Gateway/Shoestring),90061
Los Angeles(Harbor Gateway/Shoestring),90247
Los Angeles(Harbor Gateway/Shoestring),90248
Los Angeles(Harbor Gateway/Shoestring),90501
Los Angeles(Harbor Gateway/Shoestring),90502
Los Angeles(Harvard Heights),90006
Los Angeles(Hollywood),90027
Los Angeles(Hollywood),90028
Los Angeles(Hollywood),90038
Los Angeles(Hollywood),90046
Los Angeles(Hollywood),90068
Los Angeles(Hollywood),90069
Los Angeles(Hyde Park),90043
Los Angeles(Jefferson Park),90018
Los Angeles(Koreatown),90006
Los Angeles(La Tuna Canyon),91352
Los Angeles(Lake View Terrace),91342
Los Angeles(Leimert Park),90008
Los Angeles(Leimert Park),90018
Los Angeles(Little Tokyo),90012
Los Angeles(Los Angeles International Airport),90045
Los Angeles(Los Feliz),90027
Los Angeles(Melrose),90036
Los Angeles(Melrose),90046
Los Angeles(Melrose),90069
Los Angeles(Mid-City),90019
Los Angeles(Mid-City West),90048
Los Angeles(Miracle Mile),90036
Los Angeles(Mission Hills),91340
Los Angeles(Mission Hills),91345
Los Angeles(Mission Hills PO Boxes),91346
Los Angeles(Mission Hills PO Boxes),91395
Los Angeles(Monterey Hills),90032
Los Angeles(Mt Olympus),90046
Los Angeles(Mt Washington),90065
Los Angeles(North Hills),91343
Los Angeles(North Hills PO Boxes),91393
Los Angeles(North Hollywood),91601
Los Angeles(North Hollywood),91602
Los Angeles(North Hollywood),91605
Los Angeles(North Hollywood),91606
Los Angeles(North Hollywood),91607
Los Angeles(North Hollywood PO Boxes),91603
Los Angeles(North Hollywood PO Boxes),91609
Los Angeles(North Hollywood PO Boxes),91614
Los Angeles(North Hollywood PO Boxes),91615
Los Angeles(North Hollywood PO Boxes),91616
Los Angeles(North Hollywood PO Boxes),91618
Los Angeles(North Hollywood/US Purchasing Exchange),91611
Los Angeles(North Hollywood/US Purchasing Exchange),91612
Los Angeles(Northridge),91324
Los Angeles(Northridge),91325
Los Angeles(Northridge),91326
Los Angeles(Northridge PO Boxes),91327
Los Angeles(Northridge PO Boxes),91328
Los Angeles(Northridge/JB Lansing Co),91329
Los Angeles(Pacific Highlands),90272
Los Angeles(Pacific Palisades),90272
Los Angeles(Pacoima),91331
Los Angeles(Pacoima PO Boxes),91333
Los Angeles(Pacoima PO Boxes),91334
Los Angeles(Palms),90034
Los Angeles(Panorama City),91402
Los Angeles(Panorama City PO Boxes),91412
Los Angeles(Park La Brea),90036
Los Angeles(Pico Heights),90006
Los Angeles(Pierce College),91371
Los Angeles(Playa del Rey),90293
Los Angeles(Playa del Rey PO Boxes),90296
Los Angeles(Playa Vista),90094
Los Angeles(Porter Ranch),91326
Los Angeles(Rampart Village),90004
Los Angeles(Rancho Park),90064
Los Angeles(Reseda),91335
Los Angeles(Reseda PO Boxes),91337
Los Angeles(San Pedro),90731
Los Angeles(San Pedro),90732
Los Angeles(San Pedro PO Boxes),90733
Los Angeles(San Pedro PO Boxes),90734
Los Angeles(Sawtelle),90025
Los Angeles(Shadow Hills),91040
Los Angeles(Sherman Oaks),91403
Los Angeles(Sherman Oaks),91423
"Los Angeles(Sherman Oaks, Van Nuys PO Boxes)",91413
Los Angeles(Sherman Village),91607
Los Angeles(Silver Lake),90026
Los Angeles(Silver Lake),90039
Los Angeles(South Los Angeles),90037
Los Angeles(South Los Angeles),90044
Los Angeles(South Los Angeles),90047
Los Angeles(South Los Angeles),90062
Los Angeles(South Los Angeles PO Boxes),90051
Los Angeles(South Los Angeles PO Boxes),90052
Los Angeles(South Los Angeles PO Boxes),90054
Los Angeles(South Los Angeles PO Boxes),90082
Los Angeles(South Los Angeles PO Boxes),90087
Los Angeles(South Park-North),90015
Los Angeles(South Park-North),90017
Los Angeles(South Park-South),90015
Los Angeles(Southeast Los Angeles),90002
Los Angeles(Southeast Los Angeles),90003
Los Angeles(Southeast Los Angeles),90007
Los Angeles(Southeast Los Angeles),90011
Los Angeles(Southeast Los Angeles),90037
Los Angeles(Southeast Los Angeles),90058
Los Angeles(Studio City),91602
Los Angeles(Studio City),91604
Los Angeles(Sun Valley),91352
Los Angeles(Sun Valley PO Boxes),91353
Los Angeles(Sunland),91040
Los Angeles(Sunland PO Boxes),91041
Los Angeles(Sylmar),91340
Los Angeles(Sylmar),91342
Los Angeles(Sylmar PO Boxes),91392
Los Angeles(Tarzana),91356
Los Angeles(Tarzana PO Boxes),91357
Los Angeles(Terminal Island),90731
Los Angeles(Toluca Lake),91602
Los Angeles(Toluca Lake PO Boxes),91610
Los Angeles(Toluca Terrace),91601
Los Angeles(Topanga State Park),90272
Los Angeles(Tujunga),91042
Los Angeles(Tujunga PO Boxes),91043
Los Angeles(University of California Los Angeles),90095
Los Angeles(University of Southern California),90089
Los Angeles(University Park),90007
Los Angeles(Valley Glen),91401
Los Angeles(Valley Glen),91405
Los Angeles(Valley Glen),91606
Los Angeles(Valley Glen),91607
Los Angeles(Valley Village),91607
Los Angeles(Valley Village PO Boxes),91617
Los Angeles(Van Nuys),91401
Los Angeles(Van Nuys),91405
Los Angeles(Van Nuys),91406
Los Angeles(Van Nuys),91411
Los Angeles(Van Nuys PO Boxes),91404
Los Angeles(Van Nuys PO Boxes),91407
Los Angeles(Van Nuys PO Boxes),91408
Los Angeles(Van Nuys PO Boxes),91409
Los Angeles(Van Nuys PO Boxes),91410
Los Angeles(Van Nuys/Blue Cross of Southern California),91470
Los Angeles(Van Nuys/Business Reply),91499
Los Angeles(Van Nuys/Deluxe Check),91482
Los Angeles(Van Nuys/US Purchasing Corp),91496
Los Angeles(Van Nuys/US Purchasing Exchange),91495
Los Angeles(Venice),90291
Los Angeles(Venice PO Boxes),90294
Los Angeles(View Park),90043
Los Angeles(Virgil Village),90004
Los Angeles(Watts),90002
Los Angeles(Watts),90059
Los Angeles(Watts PO Boxes),90060
Los Angeles(Wells Fargo),90084
Los Angeles(Wells Fargo),90088
Los Angeles(West Adams),90016
Los Angeles(West Beverly),90048
Los Angeles(West Fairfax),90035
Los Angeles(West Hills),91304
Los Angeles(West Hills),91307
Los Angeles(West Los Angeles),90025
Los Angeles(West Toluca Lake),91602
Los Angeles(Westchester),90045
Los Angeles(Westchester PO Boxes),90083
Los Angeles(Western Wilton),90020
Los Angeles(Westlake),90057
Los Angeles(Westwood),90024
Los Angeles(Wilmington),90744
Los Angeles(Wilmington PO Boxes),90748
Los Angeles(Wilshire Center),90004
Los Angeles(Wilshire Center),90005
Los Angeles(Wilshire Center),90010
Los Angeles(Wilshire Center),90020
Los Angeles(Wilshire Center PO Boxes),90070
Los Angeles(Wilshire Center PO Boxes),90075
Los Angeles(Wilshire Center PO Boxes),90076
Los Angeles(Wilshire Park),90005
Los Angeles(Windsor Hills),90043
Los Angeles(Windsor Square),90004
Los Angeles(Windsor Square),90005
Los Angeles(Windsor Square),90010
Los Angeles(Windsor Square),90020
Los Angeles(Winnetka),91306
Los Angeles(Winnetka PO Boxes),91396
Los Angeles(Woodland Hills),91302
Los Angeles(Woodland Hills),91303
Los Angeles(Woodland Hills),91364
Los Angeles(Woodland Hills),91367
Los Angeles(Woodland Hills PO Boxes),91365
Los Angeles(Woodland Hills PO Boxes),91372
Los Angeles Dodgers (Los Angeles),90090
Los Angeles International Airport (PO Boxes) (Los Angeles),90009
Los Angeles International Airport (PO Boxes) (Los Angeles),90080
"Los Angeles International Airport, Westchester (Los Angeles)",90045
Los Feliz (Los Angeles),90027
Los Nietos,90606
Los Nietos (PO Boxes),90610
Lynwood,90262
Malibu,90265
Malibu(Pepperdine University),90263
Malibu(PO Boxes),90264
Manhattan Beach,90266
Manhattan Beach(PO Boxes),90267
Mar Vista (Los Angeles),90066
Marina (Long Beach),90803
Marina del Rey,90292
Marina del Rey(PO Boxes),90295
Marina Peninsula (Los Angeles),90292
Maywood,90270
Melrose (Los Angeles),90036
Melrose (Los Angeles),90046
Melrose (Los Angeles),90069
Metler Valley,93536
Mid-City (Los Angeles),90019
Mid-City West (Los Angeles),90048
Mint Canyon,91350
Mint Canyon,91387
Miracle Mile (Los Angeles),90036
Mission Hills (Los Angeles),91340
Mission Hills (Los Angeles),91345
Mission Hills (PO Boxes) (Los Angeles),91346
Mission Hills (PO Boxes) (Los Angeles),91395
Monrovia,91010
Monrovia,91016
Monrovia(PO Boxes),91017
Monte Nido,91302
Montebello,90640
"Montecito Heights, Lincoln Heights (Los Angeles)",90031
"Monterey Hills, El Sereno, University Hills (Los Angeles)",90032
Monterey Park,91754
Monterey Park,91755
Monterey Park(Southern California Gas Co),91756
Montrose,91020
Montrose,91214
Montrose(PO Boxes),91021
Mount Baldy (Portion in LA County),91759
Mount Wilson (PO Boxes),91023
Mt. Washington (Los Angeles),90065
Naples (Long Beach),90803
Neenach,93536
Newhall (PO Boxes) (Santa Clarita),91322
Newhall (Santa Clarita),91321
North Hills (Los Angeles),91343
North Hills (PO Boxes) (Los Angeles),91393
North Hollywood (Los Angeles),91601
North Hollywood (Los Angeles),91602
North Hollywood (Los Angeles),91604
North Hollywood (Los Angeles),91605
North Hollywood (Los Angeles),91606
North Hollywood (Los Angeles),91607
North Hollywood (PO Boxes) (Los Angeles),91603
North Hollywood (PO Boxes) (Los Angeles),91609
North Hollywood (PO Boxes) (Los Angeles),91610
North Hollywood (PO Boxes) (Los Angeles),91614
North Hollywood (PO Boxes) (Los Angeles),91615
North Hollywood (PO Boxes) (Los Angeles),91616
North Hollywood (PO Boxes) (Los Angeles),91618
North Long Beach (Long Beach),90805
Northridge (Los Angeles),91324
Northridge (Los Angeles),91325
Northridge (Los Angeles),91326
Northridge (PO Boxes) (Los Angeles),91327
Northridge (PO Boxes) (Los Angeles),91328
Northridge/JB Lansing Co (Los Angeles),91329
Norwalk,90650
Norwalk(PO Boxes),90651
Norwalk(PO Boxes),90652
Ocean Park (Santa Monica),90405
"Pacific Highlands, Pacific Palisades (Los Angeles)",90272
"Pacific Palisades, Pacific Highlands (Los Angeles)",90272
Pacoima (Los Angeles),91331
Pacoima (Los Angeles),91340
Pacoima (PO Boxes) (Los Angeles),91333
Pacoima (PO Boxes) (Los Angeles),91334
Palmdale,93550
Palmdale,93551
Palmdale,93552
Palmdale,93591
Palmdale(Lockheed Advanced Dev Co),93599
Palmdale(PO Boxes),93590
Palms (Los Angeles),90034
Palos Verdes Estates,90274
Palos Verdes Estates,90275
Panorama City (Los Angeles),91402
Panorama City (PO Boxes) (Los Angeles),91412
Paramount,90723
Park La Brea (Los Angeles),90036
Pasadena,91101
Pasadena,91103
Pasadena,91104
Pasadena,91105
Pasadena,91106
Pasadena,91107
Pasadena(Ambassador College),91123
Pasadena(Ambassador I C Foundation),91129
Pasadena(Avon Products),91121
Pasadena(California Institute of Technology),91125
Pasadena(California Institute of Technology),91126
Pasadena(City National Bank),91199
Pasadena(Fuller Theological Seminary),91182
Pasadena(J P Morgan Chase),91189
Pasadena(Kaiser Foundation Health),91188
Pasadena(Mellon Regional Lockbox Network),91185
Pasadena(Non-Geographic Zip Code Within 91803),91123
Pasadena(PO Boxes),91102
Pasadena(PO Boxes),91109
Pasadena(PO Boxes),91114
Pasadena(PO Boxes),91115
Pasadena(PO Boxes),91116
Pasadena(PO Boxes),91117
Pasadena(Ralph M Parsons Co PO Boxes),91124
Pasadena(Shared Firms),91110
Pasadena(Tournament of Roses Assn),91184
Pearblossom,93553
Pearblossom,93563
Pepperdine University (Malibu),90263
Phillips Ranch (Pomona),91766
Pico Heights (Los Angeles),90006
Pico Rivera,90660
Pico Rivera(PO Boxes),90661
Pico Rivera(PO Boxes),90662
"Pierce College (Woodland Hills,Los Angeles)",91371
Playa del Rey (Los Angeles),90293
Playa del Rey (PO Boxes) (Los Angeles),90296
Playa Vista (Los Angeles),90094
Pomona,91767
Pomona,91768
Pomona(Bureau of the Census),91797
Pomona(Phillips Ranch),91766
Pomona(PO Boxes),91769
Porter Ranch (Los Angeles),91326
Quartz Hill,93536
Quartz Hill(PO Boxes),93586
Rampart Village (Los Angeles),90004
Rancho Dominguez,90220
Rancho Dominguez (PO Boxes),90224
Rancho Palos Verdes,90275
Rancho Palos Verdes,90732
Rancho Park (Los Angeles),90064
Redondo Beach,90277
Redondo Beach,90278
Reseda (Los Angeles),91335
Reseda (PO Boxes) (Los Angeles),91337
Rolling Hills Estates,90275
"Rolling Hills Estates,Rolling Hills",90274
"Rolling Hills,Rolling Hills Estates",90274
Roosevelt Corner,93535
Rosemead,91770
Rosemead(Southern California Edison Co),91771
Rosemead(Southern California Edison Co),91772
Rosewood,90222
Rowland Heights,91748
San Dimas,91773
San Fernando,91340
San Fernando(PO Boxes),91341
San Gabriel,91775
San Gabriel,91776
San Gabriel(PO Boxes),91778
San Marino,91108
San Marino(PO Boxes),91118
San Pedro (Los Angeles),90731
San Pedro (Los Angeles),90732
San Pedro (PO Boxes) (Los Angeles),90733
San Pedro (PO Boxes) (Los Angeles),90734
Sandberg,93532
Santa Catalina Island (PO Boxes),90704
Santa Clarita,91321
Santa Clarita,91350
Santa Clarita,91351
Santa Clarita,91354
Santa Clarita,91355
Santa Clarita,91382
Santa Clarita,91387
Santa Clarita,91390
Santa Clarita(Canyon Country PO Boxes),91386
Santa Clarita(Canyon Country),91351
Santa Clarita(Canyon Country),91387
Santa Clarita(Newhall PO Boxes),91322
Santa Clarita(Newhall),91321
Santa Clarita(Valencia PO Boxes),91380
Santa Clarita(Valencia PO Boxes),91385
Santa Clarita(Valencia),91354
Santa Clarita(Valencia),91355
Santa Fe Springs,90670
Santa Fe Springs(PO Boxes),90671
Santa Monica,90402
Santa Monica,90403
Santa Monica,90404
Santa Monica(Downtown),90401
Santa Monica(Ocean Park),90405
Santa Monica(PO Boxes),90406
Santa Monica(PO Boxes),90407
Santa Monica(PO Boxes),90408
Santa Monica(PO Boxes),90409
Santa Monica(PO Boxes),90410
Santa Monica(PO Boxes),90411
Santa Monica Airport (Santa Monica),90405
Saugus (Santa Clarita),91350
Saugus (Santa Clarita),91390
Sawtelle (Los Angeles),90025
Shadow Hills (Los Angeles),91040
Sherman Oaks (Los Angeles),91403
Sherman Oaks (Los Angeles),91413
Sherman Oaks (Los Angeles),91423
Sherman Village (Los Angeles),91607
Sierra Madre,91024
Sierra Madre(PO Boxes),91025
Signal Hill,90755
Silver Lake (Los Angeles),90026
Silver Lake (Los Angeles),90039
Sleepy Valley,91350
South El Monte,91733
South Gate,90280
South Los Angeles (Los Angeles),90001
South Los Angeles (Los Angeles),90037
South Los Angeles (Los Angeles),90044
South Los Angeles (Los Angeles),90047
South Los Angeles (Los Angeles),90062
South Los Angeles (PO Boxes) (Los Angeles),90051
South Los Angeles (PO Boxes) (Los Angeles),90052
South Los Angeles (PO Boxes) (Los Angeles),90082
South Los Angeles (PO Boxes) (Los Angeles),90087
South Los Angeles/Broadway Manchester (Los Angeles),90003
South Pasadena,91030
South Pasadena(PO Boxes),91031
South Whittier,90604
South Whittier,90605
Southeast Los Angeles (Los Angeles),90002
Southeast Los Angeles (Los Angeles),90003
Southeast Los Angeles (Los Angeles),90007
Southeast Los Angeles (Los Angeles),90011
Southeast Los Angeles (Los Angeles),90037
Southeast Los Angeles (Los Angeles),90058
Southern California Edison Co (Rosemead),91771
Southern California Edison Co (Rosemead),91772
Southern California Gas Co (Monterey Park),91756
Stevenson Ranch,91381
Studio City (Los Angeles),91602
Studio City (Los Angeles),91604
Sun Valley (Los Angeles),91352
Sun Valley (PO Boxes) (Los Angeles),91353
Sun Village,93543
Sunland (Los Angeles),91040
Sunland (PO Boxes) (Los Angeles),91041
Sunpark (Santa Monica),90405
Sylmar (Los Angeles),91340
Sylmar (Los Angeles),91342
Sylmar (PO Boxes) (Los Angeles),91392
Tarzana (Los Angeles),91356
Tarzana (PO Boxes) (Los Angeles),91357
Temple City,91780
Terminal Island (Los Angeles),90731
Three Points,93532
Toluca Lake (Los Angeles),91602
Toluca Lake (PO Boxes) (Los Angeles),91610
Toluca Terrace (Los Angeles),91601
Topanga,90290
Topanga State Park (Los Angeles),90272
Torrance,90277
Torrance,90278
Torrance,90501
Torrance,90503
Torrance,90504
Torrance,90505
Torrance(Camino College),90506
Torrance(PO Boxes),90507
Torrance(PO Boxes),90508
Torrance(PO Boxes),90509
Torrance(PO Boxes),90510
"Torrance,West Carson",90502
Tropico (Glendale),91204
Tropico (Glendale),91205
Tujunga (Los Angeles),91042
Tujunga (PO Boxes) (Los Angeles),91043
"Two Harbors, Santa Catalina Island (PO Boxes)",90704
Universal City,91608
"University Hills, El Sereno, Monterey Hills  (Los Angeles)(",90032
University Park (Los Angeles),90007
University of California Los Angeles (Los Angeles),90095
University of Southern California (Los Angeles),90089
"Val Verde,Castaic",91384
Valencia (PO Boxes) (Santa Clarita),91380
Valencia (PO Boxes) (Santa Clarita),91385
Valencia (Santa Clarita),91354
Valencia (Santa Clarita),91355
Valinda,91744
Valley Glen (Los Angeles),91401
Valley Glen (Los Angeles),91405
Valley Glen (Los Angeles),91606
Valley Glen (Los Angeles),91607
Valley Village (Los Angeles),91607
Valley Village (PO Boxes) (Los Angeles),91617
Valyermo,93563
Van Nuys (Los Angeles),91401
Van Nuys (Los Angeles),91403
Van Nuys (Los Angeles),91406
Van Nuys (Los Angeles),91411
Van Nuys (Los Angeles),91423
Van Nuys (PO Boxes) (Los Angeles),91404
Van Nuys (PO Boxes) (Los Angeles),91407
Van Nuys (PO Boxes) (Los Angeles),91408
Van Nuys (PO Boxes) (Los Angeles),91409
Van Nuys (PO Boxes) (Los Angeles),91410
Van Nuys (PO Boxes) (Los Angeles),91413
Van Nuys/Blue Cross of Southern California (Los Angeles),91470
Van Nuys/Business Reply (Los Angeles),91499
Van Nuys/US Purchasing Corp (Los Angeles),91496
Van Nuys/US Purchasing Exchange (Los Angeles),91495
Venice (Los Angeles),90291
Venice (PO Boxes) (Los Angeles),90294
Verdugo City (Glendale),91046
Vernon,90058
Veterans Administration,90073
View Park (Los Angeles),90043
Virgil Village (Los Angeles),90004
Walnut,91789
Walnut(Federal Home Loan Bank),91795
Walnut(PO Boxes),91788
Walnut Park,90255
Walt Disney Co (Burbank),91521
Walt Disney Co (Burbank),91526
Watts (Los Angeles),90002
Watts (Los Angeles),90059
Watts (PO Boxes) (Los Angeles),90060
Wells Fargo (Los Angeles),90084
Wells Fargo (Los Angeles),90088
West Adams (Los Angeles),90016
"West Carson,Torrance",90502
West Covina,91790
West Covina,91791
West Covina,91792
West Covina(PO Boxes),91793
West Fairfax (Los Angeles),90035
West Hills (Los Angeles),91304
West Hills (Los Angeles),91307
West Hollywood,90046
West Hollywood,90048
West Hollywood,90069
West Los Angeles (Los Angeles),90025
West Puente Valley,91746
West Toluca Lake (Los Angeles),91602
West Whittier,90606
Westchester (PO Boxes) (Los Angeles),90083
"Westchester, Los Angeles International Airport (Los Angeles)",90045
Western Wilton (Los Angeles),90020
Westlake (Los Angeles),90057
Westlake Village,91361
Westlake Village,91362
Westlake Village(PO Boxes),91359
Westwood (Los Angeles),90024
Whittier,90601
Whittier,90602
Whittier,90603
Whittier,90604
Whittier,90605
Whittier(PO Boxes),90607
Whittier(PO Boxes),90608
Whittier(Whittwood PO Boxes),90609
Whittwood (PO Boxes) (Whittier),90609
Willowbrook,90059
Willowbrook,90222
Wilmington (Los Angeles),90744
Wilmington (PO Boxes) (Los Angeles),90748
Wilshire Center (Los Angeles),90004
Wilshire Center (Los Angeles),90005
Wilshire Center (Los Angeles),90010
Wilshire Center (Los Angeles),90020
Wilshire Center (PO Boxes) (Los Angeles),90070
Wilshire Center (PO Boxes) (Los Angeles),90075
Wilshire Center (PO Boxes) (Los Angeles),90076
Wilshire Park (Los Angeles),90005
Wilshire-La Brea (Los Angeles),90036
Wilsona Gardens,93535
Windsor Hills (Los Angeles),90043
Windsor Square (Los Angeles),90004
Windsor Square (Los Angeles),90005
Windsor Square (Los Angeles),90010
Windsor Square (Los Angeles),90020
Winnetka (Los Angeles),91306
Winnetka (PO Boxes) (Los Angeles),91396
Woodland Hills (Los Angeles),91364
Woodland Hills (Los Angeles),91367
Woodland Hills (PO Boxes) (Los Angeles),91365
Woodland Hills (PO Boxes) (Los Angeles),91372
Woodland Hills/Pierce College (Los Angeles),91371
